nom,prenom,telephone,adresse
Amorts,Skell,669-155-5962,7059 Twin Pines Pass
McIlwrath,Opaline,258-704-4840,1 Mendota Point
Dunstan,Timmie,523-455-3981,22339 Gateway Court
Bensen,Findlay,268-738-3778,050 Division Parkway
O'Loghlen,Olly,287-940-2562,96832 Morningstar Pass
Vipan,Amery,795-744-7807,95 Forest Run Circle
Copeman,Kalila,410-955-9858,0 Lillian Pass
Antyshev,Elvyn,558-671-5502,384 Esker Pass
Wickliffe,Donetta,846-717-8459,4 Grayhawk Parkway
Arlidge,Alfredo,967-454-6858,51 Lakewood Plaza
Birnie,Dewey,885-877-2651,2 Texas Hill
Marrison,Willa,108-908-8932,22 Farmco Junction
Raunds,Erasmus,230-524-4802,478 Del Sol Center
Corke,Leroy,955-219-4808,83 West Circle
Fawcus,Dale,467-629-9035,86 Crownhardt Crossing
Yeandel,Eleanor,951-728-7490,57 Golden Leaf Park
Scrooby,Erasmus,850-216-6902,848 Caliangt Trail
Weighell,Virgie,232-685-5554,81 Stoughton Way
Riccio,Cortney,284-257-7923,857 Shopko Pass
De L'Isle,Sarah,553-237-0169,262 Waubesa Park
